Epoch,Generator Loss,Discriminator Loss
0,5.158414840698242,-0.3631950616836548
