Epoch,Generator Loss,Discriminator Loss
0,5.20048189163208,-0.3814731240272522
1,5.282821178436279,-0.6270917654037476
2,4.893123149871826,-0.7605363726615906
3,5.071863174438477,-0.931980311870575
4,5.178459167480469,-1.202256441116333
5,5.270520210266113,-1.1329104900360107
6,5.0464348793029785,-0.9114276766777039
7,5.184244632720947,-0.9155774116516113
8,4.62091588973999,-0.5493199825286865
9,4.333090305328369,-0.46464627981185913
