Epoch,Generator Loss,Discriminator Loss
0,5.464275360107422,-0.29610294103622437
1,5.339439392089844,-0.4212491512298584
